행정동,도로명주소,지번주소,위도,경도,데이터기준일자
영등포본동,서울특별시 영등포구 도신로51길 9,서울특별시 영등포구 신길동 186-230,37.51246245,126.9133785,2023-09-01
영등포본동,서울특별시 영등포구 영신로9라길 6,서울특별시 영등포구 영등포동 631-8,37.51284018,126.9058885,2023-09-01
영등포본동,서울특별시 영등포구 신길로61길 17,서울특별시 영등포구 영등포동 592-70,37.51466633,126.9093394,2023-09-01
영등포본동,서울특별시 영등포구 신길로 276,서울특별시 영등포구 영등포동 585-25,37.51610581,126.9127311,2023-09-01
영등포본동,서울특별시 영등포구 영등포로60길 29,서울특별시 영등포구 신길동 35,37.51679809,126.9150172,2023-09-01
영등포본동,서울특별시 영등포구 영등포로60길 17,서울특별시 영등포구 신길동 31-20,37.51680721,126.9164275,2023-09-01
영등포본동,서울특별시 영등포구 영등포로62길 34,서울특별시 영등포구 영등포동 576-9,37.51640487,126.9143575,2023-09-01
영등포본동,서울특별시 영등포구 신길로62나길 9,서울특별시 영등포구 신길동 184-13,37.51475795,126.9160178,2023-09-01
영등포본동,서울특별시 영등포구 신길로62길 37,서울특별시 영등포구 신길동 187-14,37.51428506,126.9154621,2023-09-01
영등포본동,서울특별시 영등포구 신길로60다길 11,서울특별시 영등포구 신길동 189-25,37.51379968,126.9139524,2023-09-01
영등포본동,서울특별시 영등포구 신길로60길 25,서울특별시 영등포구 신길동 186-182,37.513035,126.9130828,2023-09-01
영등포본동,서울특별시 영등포구 신길로62길 17,서울특별시 영등포구 신길동 185-1,37.51485158,126.9136667,2023-09-01
영등포본동,서울특별시 영등포구 도신로65길 5,서울특별시 영등포구 신길동 169-10,37.51295034,126.9168864,2023-09-01
영등포본동,서울특별시 영등포구 도신로53길 14,서울특별시 영등포구 신길동 159-1,37.51200351,126.9150414,2023-09-01
영등포본동,서울특별시 영등포구 도신로 191,서울특별시 영등포구 신길동 219-27,37.51140658,126.9123135,2023-09-01
영등포본동,서울특별시 영등포구 신길로60길 32,서울특별시 영등포구 신길동 186-268,37.51326387,126.9137181,2023-09-01
영등포본동,서울특별시 영등포구 영신로20가길 11,서울특별시 영등포구 영등포동 592-57,37.51468133,126.9090342,2023-09-01
영등포본동,서울특별시 영등포구 영등포로60길 25,서울특별시 영등포구 신길동 34-5,37.51682559,126.9155339,2023-09-01
영등포본동,서울특별시 영등포구 영등포로60길 7,서울특별시 영등포구 신길동 46-9,37.51616988,126.9167429,2023-09-01
영등포동,서울특별시 영등포구 버드나루로4길 8,서울특별시 영등포구 영등포동2가 94-153,37.52146543,126.9129843,2023-09-01
영등포동,서울특별시 영등포구 국회대로54길 65,서울특별시 영등포구 영등포동2가 28-117,37.5203931,126.9112306,2023-09-01
영등포동,서울특별시 영등포구 국회대로54길 37-11,서울특별시 영등포구 영등포동2가 94-268,37.52257186,126.9098622,2023-09-01
영등포동,서울특별시 영등포구 국회대로54길 15-3,서울특별시 영등포구 영등포동7가 94-297,37.52411145,126.9084026,2023-09-01
영등포동,서울특별시 영등포구 국회대로56길 13,서울특별시 영등포구 영등포동7가 94-99,37.52410623,126.9096911,2023-09-01
영등포동,서울특별시 영등포구 국회대로55길 4,서울특별시 영등포구 영등포동7가 94-58,37.52567441,126.9086176,2023-09-01
영등포동,서울특별시 영등포구 영신로42길 21,서울특별시 영등포구 영등포동6가 52-9,37.52166071,126.9038501,2023-09-01
영등포동,서울특별시 영등포구 영신로40길 11,서울특별시 영등포구 영등포동6가 61-2,37.52138096,126.9027615,2023-09-01
영등포동,서울특별시 영등포구 영등포로34길 12,서울특별시 영등포구 영등포동4가 162-1,37.51925994,126.9020293,2023-09-01
영등포동,서울특별시 영등포구 영중로27길 3,서울특별시 영등포구 영등포동7가 49-1,37.52408884,126.9047555,2023-09-01
영등포동,서울특별시 영등포구 버드나루로15길 9,서울특별시 영등포구 당산동 121-163,37.52581257,126.9078528,2023-09-01
영등포동,서울특별시 영등포구 영등포로 264-11,서울특별시 영등포구 영등포동3가 1-35,37.51836858,126.9106683,2023-09-01
영등포동,서울특별시 영등포구 영중로22길 3,서울특별시 영등포구 영등포동5가 87,37.52171758,126.9059932,2023-09-01
영등포동,서울특별시 영등포구 경인로114가길 13,서울특별시 영등포구 영등포동1가 42-3,37.51725353,126.913988,2023-09-01
영등포동,서울특별시 영등포구 버드나루로7길 12-15,서울특별시 영등포구 영등포동7가 29-123,37.52369656,126.9087774,2023-09-01
영등포동,서울특별시 영등포구 버드나루로7길 12-5,서울특별시 영등포구 영등포동7가 29-53,37.52315554,126.9092825,2023-09-01
영등포동,서울특별시 영등포구 경인로114길 14,서울특별시 영등포구 영등포동1가 28,37.51823213,126.9146353,2023-09-01
영등포동,서울특별시 영등포구 경인로114길 42,서울특별시 영등포구 영등포동1가 45,37.51730471,126.9148708,2023-09-01
영등포동,서울특별시 영등포구 버드나루로 85,서울특별시 영등포구 영등포동7가 94-51,37.52574731,126.9088578,2023-09-01
영등포동,서울특별시 영등포구 경인로108길 4,서울특별시 영등포구 영등포동1가 127,37.51712842,126.9106503,2023-09-01
영등포동,서울특별시 영등포구 영신로 228-6,서울특별시 영등포구 영등포동8가 42-2,37.52737405,126.9040571,2023-09-01
당산제1동,서울특별시 영등포구 국회대로38길 15,서울특별시 영등포구 당산동3가 2-6,37.52555255,126.899052,2023-09-01
당산제1동,서울특별시 영등포구 양산로25길 3-1,서울특별시 영등포구 당산동3가 13,37.52411434,126.8983853,2023-09-01
당산제1동,서울특별시 영등포구 당산로10길 21,서울특별시 영등포구 당산동1가 119-4,37.52169111,126.8982972,2023-09-01
당산제1동,서울특별시 영등포구 당산로14길 10-1,서울특별시 영등포구 당산동1가 255-28,37.52227727,126.897015,2023-09-01
당산제1동,서울특별시 영등포구 양산로23길 11,서울특별시 영등포구 당산동3가 259,37.52512811,126.8974049,2023-09-01
당산제1동,서울특별시 영등포구 국회대로36길 16-6,서울특별시 영등포구 당산동3가 224-1,37.52587958,126.897747,2023-09-01
당산제1동,서울특별시 영등포구 당산로32길 7-4,서울특별시 영등포구 당산동3가 158-1,37.52652031,126.8977862,2023-09-01
당산제1동,서울특별시 영등포구 선유동1로 20-10,서울특별시 영등포구 당산동2가 147-7,37.52363063,126.8923275,2023-09-01
당산제1동,서울특별시 영등포구 당산로27길 18,서울특별시 영등포구 당산동3가 437,37.5253666,126.8943341,2023-09-01
당산제1동,서울특별시 영등포구 당산로27길 7,서울특별시 영등포구 당산동3가 363,37.5249831,126.8955041,2023-09-01
당산제1동,서울특별시 영등포구 국회대로30길 14,서울특별시 영등포구 당산동3가 395-3,37.52698911,126.8953256,2023-09-01
당산제1동,서울특별시 영등포구 영신로39길 14-1,서울특별시 영등포구 당산동1가 155-2,37.52182447,126.8996821,2023-09-01
당산제1동,서울특별시 영등포구 영등포로28길 5,서울특별시 영등포구 당산동1가 9-1,37.51995668,126.899242,2023-09-01
당산제2동,서울특별시 영등포구 당산로40길 4,서울특별시 영등포구 당산동4가 32-1,37.52975796,126.8993447,2023-09-01
당산제2동,서울특별시 영등포구 당산로40길 12,서울특별시 영등포구 당산동4가 32-198,37.52943944,126.8999691,2023-09-01
당산제2동,서울특별시 영등포구 당산로36길 9-6,서울특별시 영등포구 당산동4가 32-81,37.52832949,126.8991051,2023-09-01
당산제2동,서울특별시 영등포구 당산로36길 13,서울특별시 영등포구 당산동4가 32-95,37.52795534,126.8992552,2023-09-01
당산제2동,서울특별시 영등포구 당산로35길 8,서울특별시 영등포구 당산동4가 73-15,37.52907415,126.8970007,2023-09-01
당산제2동,서울특별시 영등포구 당산로41가길 7,서울특별시 영등포구 당산동4가 80-5,37.53101151,126.8973478,2023-09-01
당산제2동,서울특별시 영등포구 당산로50가길 10,서울특별시 영등포구 당산동6가 3-4,,,2023-09-01
당산제2동,서울특별시 영등포구 당산로50길 18,서울특별시 영등포구 당산동6가 237-6,37.53388688,126.9043267,2023-09-01
당산제2동,서울특별시 영등포구 당산로46가길 7,서울특별시 영등포구 당산동6가 237-17,37.53407081,126.9039207,2023-09-01
당산제2동,서울특별시 영등포구 당산로50길 7-1,서울특별시 영등포구 당산동6가 185,37.53481676,126.9038279,2023-09-01
당산제2동,서울특별시 영등포구 당산로50길 7-5,서울특별시 영등포구 당산동6가 103-17,37.53481324,126.9043764,2023-09-01
당산제2동,서울특별시 영등포구 양평로12가길 3,서울특별시 영등포구 당산동6가 344-8,,,2023-09-01
당산제2동,서울특별시 영등포구 국회대로53길 20,서울특별시 영등포구 당산동 121-22,,,2023-09-01
당산제2동,서울특별시 영등포구 국회대로55길 29,서울특별시 영등포구 당산동 121-119,37.52780203,126.9073376,2023-09-01
당산제2동,서울특별시 영등포구 국회대로53길 28-4,서울특별시 영등포구 당산동 173-20,37.52788198,126.9068099,2023-09-01
당산제2동,서울특별시 영등포구 당산로54길 32,서울특별시 영등포구 당산동6가 110-71,37.53350421,126.9059909,2023-09-01
당산제2동,서울특별시 영등포구 버드나루로16길 5,서울특별시 영등포구 당산동 121-140,37.52670488,126.9092014,2023-09-01
당산제2동,서울특별시 영등포구 국회대로 53길 24-10,서울특별시 영등포구 당산동 171-30,,,2023-09-01
당산제2동,서울특별시 영등포구 당산로 50길 17-1,서울특별시 영등포구 당산동6가 104-16,,,2023-09-01
당산제2동,"서울특별시 영등포구 당산로 229, 7번출구","서울특별시 영등포구 당산동6가 323-1, 7번출구",,,2023-09-01
도림동,서울특별시 영등포구 도영로11길 3,서울특별시 영등포구 도림동 206-8,37.51017958,126.8978254,2023-09-01
도림동,서울특별시 영등포구 도영로11길 8-8,서울특별시 영등포구 도림동 187-61,37.51076112,126.8975602,2023-09-01
도림동,서울특별시 영등포구 도영로7길 12-7,서울특별시 영등포구 도림동 202-43,37.50978248,126.8960392,2023-09-01
도림동,서울특별시 영등포구 도신로15길 36,서울특별시 영등포구 도림동 226-13,37.50820309,126.8967351,2023-09-01
도림동,서울특별시 영등포구 도림로113길 3,서울특별시 영등포구 도림동 156-3,37.50867934,126.8995338,2023-09-01
도림동,서울특별시 영등포구 도신로15나길 13-9,서울특별시 영등포구 도림동 247-31,37.50702025,126.8990279,2023-09-01
도림동,서울특별시 영등포구 도신로19길 6,서울특별시 영등포구 도림동 246-25,37.5070685,126.9005757,2023-09-01
도림동,서울특별시 영등포구 도림로108가길 2,서울특별시 영등포구 도림동 152-124,37.50763959,126.9015806,2023-09-01
도림동,서울특별시 영등포구 도림로112길 6,서울특별시 영등포구 도림동 154-21,37.50862949,126.9008946,2023-09-01
도림동,서울특별시 영등포구 도신로15가길 2,서울특별시 영등포구 도림동 250-11,37.50608107,126.8989617,2023-09-01
도림동,,서울특별시 영등포구 도림동 147-75,37.50771755,126.9025243,2023-09-01
도림동,서울특별시 영등포구 영신로1길 8-5,서울특별시 영등포구 도림동 30,37.51121793,126.9088842,2023-09-01
도림동,서울특별시 영등포구 도림로112길 18,서울특별시 영등포구 도림동 144-185,37.50903795,126.9020101,2023-09-01
도림동,서울특별시 영등포구 도림로113길 17,서울특별시 영등포구 도림동 234-1,37.50882997,126.8979351,2023-09-01
도림동,서울특별시 영등포구 도신로15라길 2,서울특별시 영등포구 도림동 232,37.50702242,126.8978818,2023-09-01
도림동,서울특별시 영등포구 도영로11길 15,서울특별시 영등포구 도림동 201-1,37.51080043,126.8967607,2023-09-01
문래동,서울특별시 영등포구 도림로141길 17,서울특별시 영등포구 문래동2가 56-3,37.51381216,126.8921546,2023-09-01
문래동,서울특별시 영등포구 선유로3길 21,서울특별시 영등포구 문래동5가 19-8,37.51583439,126.8852923,2023-09-01
문래동,서울특별시 영등포구 선유로 28,서울특별시 영등포구 문래동4가 10-4,37.51640521,126.8887147,2023-09-01
문래동,서울특별시 영등포구 영등포로20길 22-8,서울특별시 영등포구 문래동3가 82-12,37.51995006,126.8918587,2023-09-01
문래동,서울특별시 영등포구 도림로128가길 1,서울특별시 영등포구 문래동3가 54-5,37.51442403,126.8957676,2023-09-01
양평제1동,서울특별시 영등포구 선유로24길 3-3,서울특별시 영등포구 양평동1가 31-6,37.52309187,126.890704,2023-09-01
양평제1동,서울특별시 영등포구 선유서로30길 30,서울특별시 영등포구 양평동1가 218,37.52461195,126.8892524,2023-09-01
양평제1동,서울특별시 영등포구 선유서로24길 21,서울특별시 영등포구 양평동1가 211-1,37.52362544,126.8883802,2023-09-01
양평제1동,서울특별시 영등포구 선유동1로 23,서울특별시 영등포구 양평동1가 89-1,37.52424976,126.8916912,2023-09-01
양평제1동,서울특별시 영등포구 선유서로 103-3,서울특별시 영등포구 양평동2가 33-48,37.52491776,126.8857593,2023-09-01
양평제1동,서울특별시 영등포구 선유서로25길 16-1,서울특별시 영등포구 양평동2가 36-36,37.52467629,126.8840878,2023-09-01
양평제1동,서울특별시 영등포구 양산로 5,서울특별시 영등포구 양평동3가 30-17,37.5261043,126.8837386,2023-09-01
양평제1동,서울특별시 영등포구 양산로3길 7,서울특별시 영등포구 양평동3가 30-31,37.52642209,126.8850352,2023-09-01
양평제1동,서울특별시 영등포구 선유서로31길 1,서울특별시 영등포구 양평동3가 23-3,37.52638471,126.8861656,2023-09-01
양평제1동,서울특별시 영등포구 선유서로 127-1,서울특별시 영등포구 양평동3가 32-10,37.52712911,126.8864387,2023-09-01
양평제1동,서울특별시 영등포구 선유서로34길 11-2,서울특별시 영등포구 양평동3가 56-9,37.52741176,126.8875694,2023-09-01
양평제1동,서울특별시 영등포구 문래북로 57,서울특별시 영등포구 양평동1가 1-42,37.52091602,126.8915548,2023-09-01
양평제1동,서울특별시 영등포구 영등포로 14-3,서울특별시 영등포구 양평동2가 22-1,37.52277965,126.8833253,2023-09-01
양평제2동,서울특별시 영등포구 양평로28가길 50,서울특별시 영등포구 양평동6가 88,37.5441919,126.8890001,2023-09-01
양평제2동,서울특별시 영등포구 양평로28사길 31,서울특별시 영등포구 양평동6가 86,37.54387763,126.889187,2023-09-01
양평제2동,서울특별시 영등포구 양평로30나길 12,서울특별시 영등포구 양평동6가 65-1,37.54320674,126.889381,2023-09-01
양평제2동,서울특별시 영등포구 양평로30나길 6,서울특별시 영등포구 양평동6가 82-3,37.54286644,126.8887119,2023-09-01
양평제2동,서울특별시 영등포구 양평로28사길 9,서울특별시 영등포구 양평동6가 20,37.54296634,126.8912982,2023-09-01
양평제2동,서울특별시 영등포구 양평로28길 33,서울특별시 영등포구 양평동6가 20-5,37.542441,126.8919326,2023-09-01
양평제2동,서울특별시 영등포구 양평로22사길 35,서울특별시 영등포구 양평동5가 131-7,37.54222583,126.892604,2023-09-01
양평제2동,서울특별시 영등포구 양평로24길 32,서울특별시 영등포구 양평동5가 121-7,37.54084659,126.8946205,2023-09-01
양평제2동,서울특별시 영등포구 양평로22바길 6,서울특별시 영등포구 양평동5가 124-7,37.54042075,126.8950874,2023-09-01
양평제2동,서울특별시 영등포구 양평로24길 16,서울특별시 영등포구 양평동5가 94,37.53963873,126.8937405,2023-09-01
양평제2동,서울특별시 영등포구 선유로53길 34-14,서울특별시 영등포구 양평동4가 210-3,37.53887419,126.8956046,2023-09-01
양평제2동,서울특별시 영등포구 선유로53길 34-1,서울특별시 영등포구 양평동4가 205,37.53852224,126.8949772,2023-09-01
양평제2동,서울특별시 영등포구 선유로53길 19-1,서울특별시 영등포구 양평동4가 169,37.53764129,126.8962551,2023-09-01
양평제2동,서울특별시 영등포구 양평로18길 14,서울특별시 영등포구 양평동4가 276-1,37.53761878,126.8974011,2023-09-01
양평제2동,서울특별시 영등포구 양평로18길 19,서울특별시 영등포구 양평동4가 322-1,37.53825681,126.8976483,2023-09-01
양평제2동,서울특별시 영등포구 선유로55길 5,서울특별시 영등포구 양평동4가 266-6,37.53761302,126.8982451,2023-09-01
양평제2동,서울특별시 영등포구 선유로 277-5,서울특별시 영등포구 양평동4가 275-2,37.53727129,126.8979575,2023-09-01
양평제2동,서울특별시 영등포구 양평로30길 4-1,서울특별시 영등포구 양평동6가 7,37.54034226,126.889743,2023-09-01
양평제2동,서울특별시 영등포구 선유로47길 15,서울특별시 영등포구 양평동4가 22-1,37.53540554,126.8950227,2023-09-01
양평제2동,서울특별시 영등포구 양평로28라길 2,서울특별시 영등포구 양평동6가 13-6,37.54177201,126.8914419,2023-09-01
양평제2동,서울특별시 영등포구 양평로24길 3,서울특별시 영등포구 양평동5가 53,37.5388942,126.8927986,2023-09-01
양평제2동,서울특별시 영등포구 양평로14길 9,서울특별시 영등포구 양평동4가 278-3,37.53625965,126.8995372,2023-09-01
양평제2동,서울특별시 영등포구 선유동2로 71,서울특별시 영등포구 양평동4가 33-4,37.53498142,126.8982921,2023-09-01
신길제1동,서울특별시 영등포구 영등포로74길 14,서울특별시 영등포구 신길동 95-51,37.51330528,126.9186287,2023-09-01
신길제1동,서울특별시 영등포구 영등포로84길 38,서울특별시 영등포구 신길동 456-7,37.50996203,126.9219778,2023-09-01
신길제1동,서울특별시 영등포구 여의대방로47다길 16-9,서울특별시 영등포구 신길동 465-16,37.51080085,126.9214242,2023-09-01
신길제1동,서울특별시 영등포구 영등포로84길 24-14,서울특별시 영등포구 신길동 466-3,37.51157802,126.9214969,2023-09-01
신길제1동,서울특별시 영등포구 도신로62길 36,서울특별시 영등포구 신길동 124-10,37.50936967,126.9197696,2023-09-01
신길제1동,서울특별시 영등포구 도신로62길 26-1,서울특별시 영등포구 신길동 124-30,37.51008587,126.9189675,2023-09-01
신길제1동,서울특별시 영등포구 도신로58길 34,서울특별시 영등포구 신길동 146-16,37.5091097,126.9168635,2023-09-01
신길제1동,서울특별시 영등포구 영등포로72길 35,서울특별시 영등포구 신길동 119-27,37.51095844,126.9187574,2023-09-01
신길제1동,서울특별시 영등포구 영등포로79길 9,서울특별시 영등포구 신길동 65-103,37.51460728,126.9212226,2023-09-01
신길제1동,서울특별시 영등포구 여의대방로59길 42-4,서울특별시 영등포구 신길동 7-40,37.5152613,126.9218706,2023-09-01
신길제1동,서울특별시 영등포구 여의대방로61길 42,서울특별시 영등포구 신길동 10-40,37.51596302,126.9220354,2023-09-01
신길제1동,서울특별시 영등포구 영등포로81길 6,서울특별시 영등포구 신길동 69-47,37.51385987,126.9221306,2023-09-01
신길제1동,서울특별시 영등포구 도신로52길 11,서울특별시 영등포구 신길동 158-30,37.51042055,126.9141816,2023-09-01
신길제3동,서울특별시 영등포구 신길로39길 8,서울특별시 영등포구 신길동 256-2,37.50699165,126.9100188,2023-09-01
신길제3동,서울특별시 영등포구 신길로39길 28,서울특별시 영등포구 신길동 268-13,37.50718204,126.9079205,2023-09-01
신길제3동,서울특별시 영등포구 신길로41길 34,서울특별시 영등포구 신길동 287-12,37.50890327,126.9074029,2023-09-01
신길제3동,서울특별시 영등포구 도신로 134-1,서울특별시 영등포구 신길동 290-8,37.50850867,126.9065418,2023-09-01
신길제3동,서울특별시 영등포구 신길로41나길 11,서울특별시 영등포구 신길동 271-10,37.5072575,126.9089153,2023-09-01
신길제3동,서울특별시 영등포구 가마산로51길 6,서울특별시 영등포구 신길동 355-556,37.50362807,126.9009591,2023-09-01
신길제3동,서울특별시 영등포구 가마산로49길 2,서울특별시 영등포구 신길동 370-17,37.50343131,126.9005623,2023-09-01
신길제3동,서울특별시 영등포구 도신로24길 6-1,서울특별시 영등포구 신길동 362-19,37.50680242,126.9026162,2023-09-01
신길제3동,서울특별시 영등포구 가마산로61길 24-7,서울특별시 영등포구 신길동 308-14,37.50735662,126.9047068,2023-09-01
신길제3동,서울특별시 영등포구 신길로41라길 13-8,서울특별시 영등포구 신길동 268-4,37.50729867,126.9077496,2023-09-01
신길제3동,서울특별시 영등포구 가마산로51길 17,서울특별시 영등포구 신길동 355-79,37.50421739,126.9019062,2023-09-01
신길제3동,서울특별시 영등포구 신길로39길 26-1,서울특별시 영등포구 신길동 268-11,37.50723305,126.9081753,2023-09-01
신길제3동,서울특별시 영등포구 신길로37길 13-1,서울특별시 영등포구 신길동 230-4,37.50736091,126.9104193,2023-09-01
신길제3동,서울특별시 영등포구 가마산로61길 26,서울특별시 영등포구 신길동 296-44,37.50730806,126.9042644,2023-09-01
신길제3동,서울특별시 영등포구 신길로41길 28-5,서울특별시 영등포구 신길동 287-42,37.5088075,126.907988,2023-09-01
신길제3동,서울특별시 영등포구 도신로 160,서울특별시 영등포구 신길동 276-77,37.50994842,126.9092385,2023-09-01
신길제4동,서울특별시 영등포구 신길로42가길 13,서울특별시 영등포구 신길동 209-112,37.50882017,126.9126872,2023-09-01
신길제4동,서울특별시 영등포구 신길로42라길 11,서울특별시 영등포구 신길동 4934-7,37.50778558,126.9137185,2023-09-01
신길제4동,서울특별시 영등포구 신길로42라길 1,서울특별시 영등포구 신길동 4934-3,37.50765282,126.9127992,2023-09-01
신길제4동,서울특별시 영등포구 신길로42길 30-1,서울특별시 영등포구 신길동 4912,37.50684191,126.9137717,2023-09-01
신길제4동,서울특별시 영등포구 신길로38가길 8,서울특별시 영등포구 신길동 4908,37.50632241,126.9126932,2023-09-01
신길제4동,서울특별시 영등포구 신길로38길 20,서울특별시 영등포구 신길동 238-28,37.50553053,126.9130873,2023-09-01
신길제4동,서울특별시 영등포구 가마산로77길 1,서울특별시 영등포구 신길동 245-8,37.50508109,126.9142922,2023-09-01
신길제4동,서울특별시 영등포구 가마산로77길 14-1,서울특별시 영등포구 신길동 4920-7,37.5060683,126.9148799,2023-09-01
신길제4동,서울특별시 영등포구 신길로38길 3-14,서울특별시 영등포구 신길동 4903-3,37.50658681,126.9117887,2023-09-01
신길제4동,서울특별시 영등포구 도신로48길 13,서울특별시 영등포구 신길동 204-9,37.50992446,126.9133292,2023-09-01
신길제5동,서울특별시 영등포구 신길로13길 11,서울특별시 영등포구 대림동 907-35,37.49708188,126.9070321,2023-09-01
신길제5동,서울특별시 영등포구 신길로13길 11,서울특별시 영등포구 대림동 907-35,37.49708188,126.9070321,2023-09-01
신길제5동,서울특별시 영등포구 도림로 215,서울특별시 영등포구 신길동 413-10,37.4980208,126.9039701,2023-09-01
신길제5동,서울특별시 영등포구 가마산로50길 9,서울특별시 영등포구 신길동 355-128,37.5024725,126.90157,2023-09-01
신길제5동,서울특별시 영등포구 가마산로50길 9,서울특별시 영등포구 신길동 355-128,37.5024725,126.90157,2023-09-01
신길제5동,서울특별시 영등포구 도림로69길 6-1,서울특별시 영등포구 신길동 420-133,37.50012635,126.9048486,2023-09-01
신길제5동,서울특별시 영등포구 대방천로 144,서울특별시 영등포구 신길동 430-48,37.49927919,126.9067226,2023-09-01
신길제5동,서울특별시 영등포구 신길로23길 12,서울특별시 영등포구 신길동 340-11,37.5006636,126.9077717,2023-09-01
신길제5동,서울특별시 영등포구 대방천로 109,서울특별시 영등포구 신길동 410-171,37.50057337,126.9035511,2023-09-01
신길제5동,서울특별시 영등포구 도림로69길 10,서울특별시 영등포구 신길동 420-143,37.50022774,126.9045445,2023-09-01
신길제5동,서울특별시 영등포구 신길로13길 15,서울특별시 영등포구 대림동 906-40,37.49724533,126.9064671,2023-09-01
신길제6동,서울특별시 영등포구 신길로28길 6,서울특별시 영등포구 신길동 3500,37.5026865,126.9108981,2023-09-01
신길제6동,서울특별시 영등포구 신풍로33,서울특별시 영등포구 신길동 3575,37.500435,126.909943,2023-09-01
신길제6동,서울특별시 영등포구 신길로8길 9-15,서울특별시 영등포구 신길동 4692,37.496329,126.909156,2023-09-01
신길제6동,서울특별시 영등포구 여의대방로7길 9,서울특별시 영등포구 신길동 4507,37.49732158,126.9127439,2023-09-01
신길제6동,서울특별시 영등포구 대방천로193,서울특별시 영등포구 신길동 3741-37,37.499389,126.912442,2023-09-01
신길제6동,서울특별시 영등포구 신풍로16길 1,서울특별시 영등포구 신길동 4003,37.499584,126.915287,2023-09-01
신길제6동,서울특별시 영등포구 신풍로26길 3,서울특별시 영등포구 신길동 504,37.49946838,126.9196922,2023-09-01
신길제6동,서울특별시 영등포구 여의대방로23길 8-1,서울특별시 영등포구 신길동 4230,37.49846302,126.9191394,2023-09-01
신길제6동,서울특별시 영등포구 여의대방로 145,서울특별시 영등포구 신길동 506,37.50021047,126.9199903,2023-09-01
신길제6동,서울특별시 영등포구 신풍로19가길 13,서울특별시 영등포구 신길동 1560,37.50139068,126.9173505,2023-09-01
신길제6동,서울특별시 영등포구 신길로8길 7,서울특별시 영등포구 신길동 4729,37.49572404,126.9093229,2023-09-01
신길제6동,서울특별시 영등포구 대방천로 182,서울특별시 영등포구 신길동 4533-7,37.49898052,126.9111819,2023-09-01
신길제6동,서울특별시 영등포구 신풍로22길 10,서울특별시 영등포구 신길동 4199,37.4995202,126.9181331,2023-09-01
신길제6동,서울특별시 영등포구 신풍로20길 1,서울특별시 영등포구 신길동 4145,37.499865,126.916976,2023-09-01
신길제7동,서울특별시 영등포구 가마산로88길 19-1,서울특별시 영등포구 신길동 664,37.50226809,126.9202523,2023-09-01
신길제7동,서울특별시 영등포구 여의대방로45길 5,서울특별시 영등포구 신길동 1088,37.50768248,126.9225161,2023-09-01
신길제7동,서울특별시 영등포구 여의대방로45길 15,서울특별시 영등포구 신길동 457-3,37.50827094,126.9219878,2023-09-01
신길제7동,서울특별시 영등포구 여의대방로49길 15-1,서울특별시 영등포구 신길동 1222,37.50989937,126.9223382,2023-09-01
신길제7동,서울특별시 영등포구 여의대방로53가길 2,서울특별시 영등포구 신길동 1267,37.51144852,126.9233855,2023-09-01
신길제7동,서울특별시 영등포구 여의대방로53가길 10,서울특별시 영등포구 신길동 1272,37.51083347,126.9232004,2023-09-01
신길제7동,서울특별시 영등포구 여의대방로53가길 26-1,서울특별시 영등포구 신길동 1210,37.50933621,126.9225666,2023-09-01
신길제7동,서울특별시 영등포구 여의대방로43길 11-5,서울특별시 영등포구 신길동 882,37.505696,126.921454,2023-09-01
신길제7동,서울특별시 영등포구 여의대방로43길 1,서울특별시 영등포구 신길동869-2,37.506112,126.922133,2023-09-01
신길제7동,서울특별시 영등포구 여의대방로 249,서울특별시 영등포구신길동 1164,37.50904,126.92273,2023-09-01
신길제7동,서울특별시 영등포구 여의대방로49길 11,서울특별시 영등포구신길동 1204,37.509901,126.922959,2023-09-01
대림제1동,서울특별시 영등포구 디지털로67길 2-7,서울특별시 영등포구 대림동 881-1,37.49400811,126.9042357,2023-09-01
대림제1동,서울특별시 영등포구 대림로22길 2,서울특별시 영등포구 대림동 834-1,37.49314316,126.9016166,2023-09-01
대림제1동,서울특별시 영등포구 도림로54길 5-3,서울특별시 영등포구 대림동 758-10,37.4958908,126.9026181,2023-09-01
대림제1동,서울특별시 영등포구 도림로52길 7,서울특별시 영등포구 대림동 844-33,37.49541493,126.9019109,2023-09-01
대림제1동,서울특별시 영등포구 디지털로70길 16-3,서울특별시 영등포구 대림동 942-62,37.49296163,126.9064211,2023-09-01
대림제1동,서울특별시 영등포구 대림로 100,서울특별시 영등포구 대림동 1018-23,37.49065766,126.9036084,2023-09-01
대림제1동,서울특별시 영등포구 대림로10길 7,서울특별시 영등포구 대림동 871-8,37.4911194,126.9040129,2023-09-01
대림제1동,서울특별시 영등포구 도림로 180,서울특별시 영등포구 대림동 824-97,37.49547164,126.9013093,2023-09-01
대림제1동,서울특별시 영등포구 도림로54길 7,서울특별시 영등포구 대림동 758-3,37.49570947,126.9026778,2023-09-01
대림제1동,서울특별시 영등포구 시흥대로183길 7-6,서울특별시 영등포구 대림동 976-46,37.49072211,126.9067813,2023-09-01
대림제1동,서울특별시 영등포구 시흥대로185길 15,서울특별시 영등포구 대림동 967-1,37.49177004,126.90686,2023-09-01
대림제2동,서울특별시 영등포구 대림로23길 25,서울특별시 영등포구 대림동 705,37.49273981,126.8982505,2023-09-01
대림제2동,서울특별시 영등포구 디지털로56길 16,서울특별시 영등포구 대림동 1020-6,37.4902602,126.9031404,2023-09-01
대림제2동,서울특별시 영등포구 디지털로54가길 2,서울특별시 영등포구 대림동 1024-11,37.48881784,126.9029983,2023-09-01
대림제2동,서울특별시 영등포구 디지털로48길 23,서울특별시 영등포구 대림동 1025-73,37.48815068,126.9016172,2023-09-01
대림제2동,서울특별시 영등포구 시흥대로175가길 8,서울특별시 영등포구 대림동 993-31,37.4880166,126.9036815,2023-09-01
대림제2동,서울특별시 영등포구 디지털로48가길 12,서울특별시 영등포구 대림동 1027-17,37.48914464,126.9021226,2023-09-01
대림제2동,서울특별시 영등포구 대림로23가길 10-1,서울특별시 영등포구 대림동 704-8,37.49242253,126.8992663,2023-09-01
대림제2동,서울특별시 영등포구 디지털로37나길 15-1,서울특별시 영등포구 대림동 1072-40,37.49131887,126.8993445,2023-09-01
대림제2동,서울특별시 영등포구 디지털로38길 20-20,서울특별시 영등포구 대림동 1095-35,37.48724436,126.9004452,2023-09-01
대림제2동,서울특별시 영등포구 디지털로38길 8-3,서울특별시 영등포구 대림동 1092-22,37.4881429,126.8997643,2023-09-01
대림제2동,서울특별시 영등포구 도림천로 425,서울특별시 영등포구 대림동 1117-2,37.48749246,126.8984934,2023-09-01
대림제2동,서울특별시 영등포구 도림천로15길 1,서울특별시 영등포구 대림동 1116-37,37.48859399,126.8973993,2023-09-01
대림제2동,서울특별시 영등포구 도림천로 401,서울특별시 영등포구 대림동 1116-31,37.48921456,126.8970344,2023-09-01
대림제2동,서울특별시 영등포구 도림로 124-14,서울특별시 영등포구 대림동 1116-5,37.49180396,126.8962045,2023-09-01
대림제2동,서울특별시 영등포구 시흥대로173길 18-1,서울특별시 영등포구 대림동 994-25,37.48711904,126.9021747,2023-09-01
대림제2동,서울특별시 영등포구 도림천로19길 12,서울특별시 영등포구 대림동 1101-1,37.48689875,126.9005633,2023-09-01
대림제2동,서울특별시 영등포구 대림로23나길 8,서울특별시 영등포구 대림동 705-3,37.49233,126.8989,2023-09-01
대림제2동,서울특별시 영등포구 디지털로40길 14,서울특별시 영등포구 대림동 1092-43,37.4884,126.9008,2023-09-01
대림제3동,서울특별시 영등포구 도림로39길 21,서울특별시 영등포구 대림동 713-7,37.49459886,126.8979414,2023-09-01
대림제3동,서울특별시 영등포구 도림로39길 7-2,서울특별시 영등포구 대림동 712-5,37.49394667,126.8968593,2023-09-01
대림제3동,서울특별시 영등포구 대림로29길 19,서울특별시 영등포구 대림동 714-3,37.49510997,126.8973809,2023-09-01
대림제3동,서울특별시 영등포구 대림로29길 43,서울특별시 영등포구 대림동 808-26,37.49377096,126.8954069,2023-09-01
대림제3동,서울특별시 영등포구 도림로31길 26-1,서울특별시 영등포구 대림동 807-1,37.49468414,126.8950088,2023-09-01
대림제3동,서울특별시 영등포구 가마산로32가길 7,서울특별시 영등포구 대림동 795-1,37.49724606,126.8953183,2023-09-01
대림제3동,서울특별시 영등포구 대림로39길 23,서울특별시 영등포구 대림동 778-8,37.49921636,126.8951916,2023-09-01
대림제3동,서울특별시 영등포구 가마산로31길 36-2,서울특별시 영등포구 대림동 792,37.501282,126.8937697,2023-09-01
대림제3동,서울특별시 영등포구 가마산로31길 36-22,서울특별시 영등포구 대림동 789-1,37.50177282,126.8947207,2023-09-01
대림제3동,서울특별시 영등포구 도신로4길 17,서울특별시 영등포구 대림동 783-13,37.50210468,126.8961713,2023-09-01
대림제3동,서울특별시 영등포구 도신로8길 17,서울특별시 영등포구 대림동 652,37.50321855,126.8972609,2023-09-01
대림제3동,서울특별시 영등포구 도신로12길 6,서울특별시 영등포구 대림동 1118-4,37.5046061,126.8980936,2023-09-01
대림제3동,서울특별시 영등포구 대림로34마길 13,서울특별시 영등포구 대림동 687-4,37.50019142,126.8995305,2023-09-01
대림제3동,서울특별시 영등포구 대림로34나길 1,서울특별시 영등포구 대림동 689-18,37.49850208,126.8990576,2023-09-01
대림제3동,서울특별시 영등포구 도림로47가길 14,서울특별시 영등포구 대림동 754-8,37.49752789,126.9010598,2023-09-01
대림제3동,서울특별시 영등포구 도림로47길 23,서울특별시 영등포구 대림동 691-8,37.49736054,126.899422,2023-09-01
대림제3동,서울특별시 영등포구 대림로35길(동심어린이공원),,,,2023-09-01
대림제3동,서울특별시 영등포구 도림로39길 21,서울특별시 영등포구 대림동 713-7,,,2023-09-01
대림제3동,서울특별시 영등포구 가마산로47길 신우어린이공원,,,,2023-09-01
